{
  "files": [
    {
      "fileName": "./../../s/OSS_Microsoft_OpenSSH_Dev/contrib/win32/openssh/libfido2/_manifest/spdx_2.2/manifest.spdx.json",
      "SPDXID": "SPDXRef-File--..-..-s-OSS-Microsoft-OpenSSH-Dev-contrib-win32-openssh-libfido2--manifest-spdx-2.2-manifest.spdx.json-78BCA45F111323552F7A97354E8510EACF7D9DCF",
      "checksums": [
        {
          "algorithm": "SHA256",
          "checksumValue": "417c9087a0abec9d17a7747bde39f335910fbabff3ed5c82a67b7e1ffc28d7ee"
        },
        {
          "algorithm": "SHA1",
          "checksumValue": "78bca45f111323552f7a97354e8510eacf7d9dcf"
        }
      ],
      "licenseConcluded": "NOASSERTION",
      "licenseInfoInFiles": [
        "NOASSERTION"
      ],
      "copyrightText": "NOASSERTION",
      "fileTypes": [
        "SPDX"
      ]
    },
    {
      "fileName": "./../../s/OSS_Microsoft_OpenSSH_Dev/contrib/win32/openssh/LibreSSL/_manifest/spdx_2.2/manifest.spdx.json",
      "SPDXID": "SPDXRef-File--..-..-s-OSS-Microsoft-OpenSSH-Dev-contrib-win32-openssh-LibreSSL--manifest-spdx-2.2-manifest.spdx.json-FC30D93D52889318FB210564EFD5C1E0CA814E8D",
      "checksums": [
        {
          "algorithm": "SHA256",
          "checksumValue": "42a2342ac83a8f0bbbd5db2da60e4bf7409d409b8757cf22df4dae48ce8710b5"
        },
        {
          "algorithm": "SHA1",
          "checksumValue": "fc30d93d52889318fb210564efd5c1e0ca814e8d"
        }
      ],
      "licenseConcluded": "NOASSERTION",
      "licenseInfoInFiles": [
        "NOASSERTION"
      ],
      "copyrightText": "NOASSERTION",
      "fileTypes": [
        "SPDX"
      ]
    },
    {
      "fileName": "./../../s/OSS_Microsoft_OpenSSH_Dev/contrib/win32/openssh/ZLib/_manifest/spdx_2.2/manifest.spdx.json",
      "SPDXID": "SPDXRef-File--..-..-s-OSS-Microsoft-OpenSSH-Dev-contrib-win32-openssh-ZLib--manifest-spdx-2.2-manifest.spdx.json-25599F97CEDC67D207728F4A17D7964C1C334C17",
      "checksums": [
        {
          "algorithm": "SHA256",
          "checksumValue": "ac94062a00f2a41900b3b8dc8b1ffd53004a936443853e3abc2ca9bb591aadb2"
        },
        {
          "algorithm": "SHA1",
          "checksumValue": "25599f97cedc67d207728f4a17d7964c1c334c17"
        }
      ],
      "licenseConcluded": "NOASSERTION",
      "licenseInfoInFiles": [
        "NOASSERTION"
      ],
      "copyrightText": "NOASSERTION",
      "fileTypes": [
        "SPDX"
      ]
    },
    {
      "fileName": "./FixHostFilePermissions.ps1",
      "SPDXID": "SPDXRef-File--FixHostFilePermissions.ps1-720B6EC99E4358563748714FE6851F76C22086C7",
      "checksums": [
        {
          "algorithm": "SHA256",
          "checksumValue": "92a18b93556fd4da2ee5d9cd77e8595a00ab35950ae605a2ef7b4c94b3758d8c"
        },
        {
          "algorithm": "SHA1",
          "checksumValue": "720b6ec99e4358563748714fe6851f76c22086c7"
        }
      ],
      "licenseConcluded": "NOASSERTION",
      "licenseInfoInFiles": [
        "NOASSERTION"
      ],
      "copyrightText": "NOASSERTION"
    },
    {
      "fileName": "./OpenSSHUtils.psd1",
      "SPDXID": "SPDXRef-File--OpenSSHUtils.psd1-881BF624298FCC10897F91DFE79C96F8599C009C",
      "checksums": [
        {
          "algorithm": "SHA256",
          "checksumValue": "edc77dd6b904c39118bc5001ba0869002720b2e56b0f5dffeee5f78cfb2c5e01"
        },
        {
          "algorithm": "SHA1",
          "checksumValue": "881bf624298fcc10897f91dfe79c96f8599c009c"
        }
      ],
      "licenseConcluded": "NOASSERTION",
      "licenseInfoInFiles": [
        "NOASSERTION"
      ],
      "copyrightText": "NOASSERTION"
    },
    {
      "fileName": "./ssh-keyscan.exe",
      "SPDXID": "SPDXRef-File--ssh-keyscan.exe-AE2AEC62631EB7ECA3BD4344AA87BD8D1B6C9CB2",
      "checksums": [
        {
          "algorithm": "SHA256",
          "checksumValue": "73aa05f31195765d2b2bd8d8a72db4dd70dbb11f8961b41717d2e6ee21e17d8b"
        },
        {
          "algorithm": "SHA1",
          "checksumValue": "ae2aec62631eb7eca3bd4344aa87bd8d1b6c9cb2"
        }
      ],
      "licenseConcluded": "NOASSERTION",
      "licenseInfoInFiles": [
        "NOASSERTION"
      ],
      "copyrightText": "NOASSERTION"
    },
    {
      "fileName": "./FixUserFilePermissions.ps1",
      "SPDXID": "SPDXRef-File--FixUserFilePermissions.ps1-5A8754C9BC29C12D2AB3BC524378C3490F50643B",
      "checksums": [
        {
          "algorithm": "SHA256",
          "checksumValue": "77555e7536e1f777105fcb6f19b58edffc2a31afec132d88ac35179df922787f"
        },
        {
          "algorithm": "SHA1",
          "checksumValue": "5a8754c9bc29c12d2ab3bc524378c3490f50643b"
        }
      ],
      "licenseConcluded": "NOASSERTION",
      "licenseInfoInFiles": [
        "NOASSERTION"
      ],
      "copyrightText": "NOASSERTION"
    },
    {
      "fileName": "./OpenSSHUtils.psm1",
      "SPDXID": "SPDXRef-File--OpenSSHUtils.psm1-AE6F2D669773BE3FF70CE627ED5727F9B94792C9",
      "checksums": [
        {
          "algorithm": "SHA256",
          "checksumValue": "04683ba4cd2a3fd85b4493353698c44d27a650a988e3f804ccdbeb783a23b94a"
        },
        {
          "algorithm": "SHA1",
          "checksumValue": "ae6f2d669773be3ff70ce627ed5727f9b94792c9"
        }
      ],
      "licenseConcluded": "NOASSERTION",
      "licenseInfoInFiles": [
        "NOASSERTION"
      ],
      "copyrightText": "NOASSERTION"
    },
    {
      "fileName": "./ssh-pkcs11-helper.exe",
      "SPDXID": "SPDXRef-File--ssh-pkcs11-helper.exe-7AD1194CE35F3A0C8311418C63FBA8EFFB3C4106",
      "checksums": [
        {
          "algorithm": "SHA256",
          "checksumValue": "2ff6c074c4e57d021d9b0d46ecc52e102a7210b999621325719dedb69af3fc6e"
        },
        {
          "algorithm": "SHA1",
          "checksumValue": "7ad1194ce35f3a0c8311418c63fba8effb3c4106"
        }
      ],
      "licenseConcluded": "NOASSERTION",
      "licenseInfoInFiles": [
        "NOASSERTION"
      ],
      "copyrightText": "NOASSERTION"
    },
    {
      "fileName": "./install-sshd.ps1",
      "SPDXID": "SPDXRef-File--install-sshd.ps1-506719B9643A6A1D37C56B3993B207537723219B",
      "checksums": [
        {
          "algorithm": "SHA256",
          "checksumValue": "deca708f48a9221d2502497d278ca943a482ab30384d0b79e7ba091b460c2136"
        },
        {
          "algorithm": "SHA1",
          "checksumValue": "506719b9643a6a1d37c56b3993b207537723219b"
        }
      ],
      "licenseConcluded": "NOASSERTION",
      "licenseInfoInFiles": [
        "NOASSERTION"
      ],
      "copyrightText": "NOASSERTION"
    },
    {
      "fileName": "./scp.exe",
      "SPDXID": "SPDXRef-File--scp.exe-FB578930C2CEB029801909B3C536FF3541095E25",
      "checksums": [
        {
          "algorithm": "SHA256",
          "checksumValue": "38850cb57c8a2dbd5d2e49a754b0395058e79e0eeae0a7dad32e185bca2015b4"
        },
        {
          "algorithm": "SHA1",
          "checksumValue": "fb578930c2ceb029801909b3c536ff3541095e25"
        }
      ],
      "licenseConcluded": "NOASSERTION",
      "licenseInfoInFiles": [
        "NOASSERTION"
      ],
      "copyrightText": "NOASSERTION"
    },
    {
      "fileName": "./ssh-shellhost.exe",
      "SPDXID": "SPDXRef-File--ssh-shellhost.exe-265438C31354CB2E89D60EC798B61C0A9B7D4170",
      "checksums": [
        {
          "algorithm": "SHA256",
          "checksumValue": "b89c19b12359869dcc6bb1855e7cbadeffc12980be86c8193747ad3a21635753"
        },
        {
          "algorithm": "SHA1",
          "checksumValue": "265438c31354cb2e89d60ec798b61c0a9b7d4170"
        }
      ],
      "licenseConcluded": "NOASSERTION",
      "licenseInfoInFiles": [
        "NOASSERTION"
      ],
      "copyrightText": "NOASSERTION"
    },
    {
      "fileName": "./libcrypto.dll",
      "SPDXID": "SPDXRef-File--libcrypto.dll-2F9A84D9305122384FBAABBDDFB3DDCE00B35D78",
      "checksums": [
        {
          "algorithm": "SHA256",
          "checksumValue": "b832f57c95cedfc74a9b4c23eccd98e3319778e8812b8477d83febc983d74619"
        },
        {
          "algorithm": "SHA1",
          "checksumValue": "2f9a84d9305122384fbaabbddfb3ddce00b35d78"
        }
      ],
      "licenseConcluded": "NOASSERTION",
      "licenseInfoInFiles": [
        "NOASSERTION"
      ],
      "copyrightText": "NOASSERTION"
    },
    {
      "fileName": "./sftp-server.exe",
      "SPDXID": "SPDXRef-File--sftp-server.exe-ADC5CEDBF95EE7B937047A19D46742FD66441955",
      "checksums": [
        {
          "algorithm": "SHA256",
          "checksumValue": "1c8ccd5310c09dc0e6ead40368b76ae4d22c3364428f45bf594c2ffa28b404ee"
        },
        {
          "algorithm": "SHA1",
          "checksumValue": "adc5cedbf95ee7b937047a19d46742fd66441955"
        }
      ],
      "licenseConcluded": "NOASSERTION",
      "licenseInfoInFiles": [
        "NOASSERTION"
      ],
      "copyrightText": "NOASSERTION"
    },
    {
      "fileName": "./ssh-sk-helper.exe",
      "SPDXID": "SPDXRef-File--ssh-sk-helper.exe-746AD124DA3518ABCCBFB5DF65CE383E24862561",
      "checksums": [
        {
          "algorithm": "SHA256",
          "checksumValue": "529cd0f5722ad0cd97892e822024e2b32dd00318837678590441c276a989d40d"
        },
        {
          "algorithm": "SHA1",
          "checksumValue": "746ad124da3518abccbfb5df65ce383e24862561"
        }
      ],
      "licenseConcluded": "NOASSERTION",
      "licenseInfoInFiles": [
        "NOASSERTION"
      ],
      "copyrightText": "NOASSERTION"
    },
    {
      "fileName": "./LICENSE.txt",
      "SPDXID": "SPDXRef-File--LICENSE.txt-A7739A32F1926D71A9EB22D101287ECEA09A6AC5",
      "checksums": [
        {
          "algorithm": "SHA256",
          "checksumValue": "e6a25da96c2fccdc025caad56d99f87851ec3fe814a3cea83f2bc77ffc800681"
        },
        {
          "algorithm": "SHA1",
          "checksumValue": "a7739a32f1926d71a9eb22d101287ecea09a6ac5"
        }
      ],
      "licenseConcluded": "NOASSERTION",
      "licenseInfoInFiles": [
        "NOASSERTION"
      ],
      "copyrightText": "NOASSERTION"
    },
    {
      "fileName": "./sftp.exe",
      "SPDXID": "SPDXRef-File--sftp.exe-B8314228058DEC261490939B7A8A90CF8D471EE4",
      "checksums": [
        {
          "algorithm": "SHA256",
          "checksumValue": "98f4a909787d971a612a8c982fd82aaac68b4b4dcd51cd56e726e8d1b1d43b74"
        },
        {
          "algorithm": "SHA1",
          "checksumValue": "b8314228058dec261490939b7a8a90cf8d471ee4"
        }
      ],
      "licenseConcluded": "NOASSERTION",
      "licenseInfoInFiles": [
        "NOASSERTION"
      ],
      "copyrightText": "NOASSERTION"
    },
    {
      "fileName": "./ssh.exe",
      "SPDXID": "SPDXRef-File--ssh.exe-12AF4BCD8718C24D9882B288396A970C4E55F564",
      "checksums": [
        {
          "algorithm": "SHA256",
          "checksumValue": "2634db7ea254d8474134b7f6a5c9d984ee41b50a83f54de1741e99feb33d63f0"
        },
        {
          "algorithm": "SHA1",
          "checksumValue": "12af4bcd8718c24d9882b288396a970c4e55f564"
        }
      ],
      "licenseConcluded": "NOASSERTION",
      "licenseInfoInFiles": [
        "NOASSERTION"
      ],
      "copyrightText": "NOASSERTION"
    },
    {
      "fileName": "./NOTICE.txt",
      "SPDXID": "SPDXRef-File--NOTICE.txt-0C6BEDA8BE1A704C0C2615D4A481BACA0E56372D",
      "checksums": [
        {
          "algorithm": "SHA256",
          "checksumValue": "2cd5f5d0064bc909dfe0f0fc8f4787882c7c379f2730d89e5faa0c2bc57c620b"
        },
        {
          "algorithm": "SHA1",
          "checksumValue": "0c6beda8be1a704c0c2615d4a481baca0e56372d"
        }
      ],
      "licenseConcluded": "NOASSERTION",
      "licenseInfoInFiles": [
        "NOASSERTION"
      ],
      "copyrightText": "NOASSERTION"
    },
    {
      "fileName": "./openssh-events.man",
      "SPDXID": "SPDXRef-File--openssh-events.man-39F0E1C5FDF3F456EEAF9F1A5696A7CA64617F86",
      "checksums": [
        {
          "algorithm": "SHA256",
          "checksumValue": "c36019e53e3045cba2639bf35ed1e2498e3563b272533e53301165c31ab60199"
        },
        {
          "algorithm": "SHA1",
          "checksumValue": "39f0e1c5fdf3f456eeaf9f1a5696a7ca64617f86"
        }
      ],
      "licenseConcluded": "NOASSERTION",
      "licenseInfoInFiles": [
        "NOASSERTION"
      ],
      "copyrightText": "NOASSERTION"
    },
    {
      "fileName": "./moduli",
      "SPDXID": "SPDXRef-File--moduli-4C7A68477C9B679EB0208BE182C9E8C02FA8DE7D",
      "checksums": [
        {
          "algorithm": "SHA256",
          "checksumValue": "df3b04c4b63ee4e4d2b99eb6d5756b73604773b6c8dcb4ee75ba669e2952ad4c"
        },
        {
          "algorithm": "SHA1",
          "checksumValue": "4c7a68477c9b679eb0208be182c9e8c02fa8de7d"
        }
      ],
      "licenseConcluded": "NOASSERTION",
      "licenseInfoInFiles": [
        "NOASSERTION"
      ],
      "copyrightText": "NOASSERTION"
    },
    {
      "fileName": "./ssh-add.exe",
      "SPDXID": "SPDXRef-File--ssh-add.exe-004AC32AE50CEA5BBA08BD5E80BACF5DCE56BAAA",
      "checksums": [
        {
          "algorithm": "SHA256",
          "checksumValue": "3a14b463d526acfda19aa6e17f88be44944ad2860618e7ac60fb6d84b12986de"
        },
        {
          "algorithm": "SHA1",
          "checksumValue": "004ac32ae50cea5bba08bd5e80bacf5dce56baaa"
        }
      ],
      "licenseConcluded": "NOASSERTION",
      "licenseInfoInFiles": [
        "NOASSERTION"
      ],
      "copyrightText": "NOASSERTION"
    },
    {
      "fileName": "./ssh-keygen.exe",
      "SPDXID": "SPDXRef-File--ssh-keygen.exe-94F44C544991E1AB472B59F30CCE859F3A89A3FE",
      "checksums": [
        {
          "algorithm": "SHA256",
          "checksumValue": "3e6410d5d8057c2cd3d5a83418fb8aabb465452598273cbcd71279f7ded39265"
        },
        {
          "algorithm": "SHA1",
          "checksumValue": "94f44c544991e1ab472b59f30cce859f3a89a3fe"
        }
      ],
      "licenseConcluded": "NOASSERTION",
      "licenseInfoInFiles": [
        "NOASSERTION"
      ],
      "copyrightText": "NOASSERTION"
    },
    {
      "fileName": "./ssh-agent.exe",
      "SPDXID": "SPDXRef-File--ssh-agent.exe-E4227BA282D124A85677853925AEBAECA5D4E7EA",
      "checksums": [
        {
          "algorithm": "SHA256",
          "checksumValue": "16e871d11c4b18aa2414ca4bb59741c91871fd0ce5edfbdcb6be951beae4c0c7"
        },
        {
          "algorithm": "SHA1",
          "checksumValue": "e4227ba282d124a85677853925aebaeca5d4e7ea"
        }
      ],
      "licenseConcluded": "NOASSERTION",
      "licenseInfoInFiles": [
        "NOASSERTION"
      ],
      "copyrightText": "NOASSERTION"
    },
    {
      "fileName": "./sshd.exe",
      "SPDXID": "SPDXRef-File--sshd.exe-F9532A79BEACE82B62D03565F6295F7F7F36E3CD",
      "checksums": [
        {
          "algorithm": "SHA256",
          "checksumValue": "5e3b94264ec6ec953cad4a115ff07ca88e458b947ea90ef42be4900afd9be0c6"
        },
        {
          "algorithm": "SHA1",
          "checksumValue": "f9532a79beace82b62d03565f6295f7f7f36e3cd"
        }
      ],
      "licenseConcluded": "NOASSERTION",
      "licenseInfoInFiles": [
        "NOASSERTION"
      ],
      "copyrightText": "NOASSERTION"
    },
    {
      "fileName": "./uninstall-sshd.ps1",
      "SPDXID": "SPDXRef-File--uninstall-sshd.ps1-7D2038B7472835A89D2ABE011040A48AA2913BB0",
      "checksums": [
        {
          "algorithm": "SHA256",
          "checksumValue": "c67ba9a54158c42d1107a31c48e3f7efd40df83545b08e37698386cff4875f2c"
        },
        {
          "algorithm": "SHA1",
          "checksumValue": "7d2038b7472835a89d2abe011040a48aa2913bb0"
        }
      ],
      "licenseConcluded": "NOASSERTION",
      "licenseInfoInFiles": [
        "NOASSERTION"
      ],
      "copyrightText": "NOASSERTION"
    },
    {
      "fileName": "./sshd_config_default",
      "SPDXID": "SPDXRef-File--sshd-config-default-825CDEC4CF05869C74B01E7A1C8BF3C5E2C45CD8",
      "checksums": [
        {
          "algorithm": "SHA256",
          "checksumValue": "99f373a06dfa706f0a8a98d655c776850305b4b1ea3bf9a33fa926897bb15649"
        },
        {
          "algorithm": "SHA1",
          "checksumValue": "825cdec4cf05869c74b01e7a1c8bf3c5e2c45cd8"
        }
      ],
      "licenseConcluded": "NOASSERTION",
      "licenseInfoInFiles": [
        "NOASSERTION"
      ],
      "copyrightText": "NOASSERTION"
    }
  ],
  "packages": [
    {
      "name": "powershell_libcbor",
      "SPDXID": "SPDXRef-Package-B9CBB6C45057D8D19744CABF9C5F727FC0323A84197BB23E19A02FB49DFE8065",
      "downloadLocation": "https://github.com/PowerShell/libcbor",
      "filesAnalyzed": false,
      "licenseConcluded": "NOASSERTION",
      "licenseInfoFromFiles": [
        "NOASSERTION"
      ],
      "licenseDeclared": "NOASSERTION",
      "copyrightText": "NOASSERTION",
      "versionInfo": "0.8.0",
      "supplier": "NOASSERTION"
    },
    {
      "name": "powershell_libfido2",
      "SPDXID": "SPDXRef-Package-0F0576A567AA5FD6212028071123D50BF536FF336B8E4ECF0695F7E0E8081331",
      "downloadLocation": "https://github.com/PowerShell/libfido2/archive/refs/tags/1.12.0.zip",
      "filesAnalyzed": false,
      "licenseConcluded": "NOASSERTION",
      "licenseInfoFromFiles": [
        "NOASSERTION"
      ],
      "licenseDeclared": "NOASSERTION",
      "copyrightText": "NOASSERTION",
      "versionInfo": "1.12.0",
      "supplier": "NOASSERTION"
    },
    {
      "name": "libcbor",
      "SPDXID": "SPDXRef-Package-F06B2DB6AB4F96F220834AED5AAEA51928351C99A2A79544B1300000E3726439",
      "downloadLocation": "https://github.com/PJK/libcbor",
      "filesAnalyzed": false,
      "licenseConcluded": "NOASSERTION",
      "licenseInfoFromFiles": [
        "NOASSERTION"
      ],
      "licenseDeclared": "NOASSERTION",
      "copyrightText": "NOASSERTION",
      "versionInfo": "0.8.0",
      "supplier": "NOASSERTION"
    },
    {
      "name": "libfido2",
      "SPDXID": "SPDXRef-Package-76D670A1E9846BAE49939A8C6D2D70CA17B9CF7617C5DD7857029331940F8C55",
      "downloadLocation": "https://github.com/Yubico/libfido2",
      "filesAnalyzed": false,
      "licenseConcluded": "NOASSERTION",
      "licenseInfoFromFiles": [
        "NOASSERTION"
      ],
      "licenseDeclared": "NOASSERTION",
      "copyrightText": "NOASSERTION",
      "versionInfo": "1.12.0",
      "supplier": "NOASSERTION"
    },
    {
      "name": "powershell_zlib",
      "SPDXID": "SPDXRef-Package-19B4BB6515DFF8C58B23AA8A19F56B1ED91ECE605C6E2AF619473C4E4273B86F",
      "downloadLocation": "https://github.com/PowerShell/ZLib/releases/tag/V1.2.13.zip",
      "filesAnalyzed": false,
      "licenseConcluded": "NOASSERTION",
      "licenseInfoFromFiles": [
        "NOASSERTION"
      ],
      "licenseDeclared": "NOASSERTION",
      "copyrightText": "NOASSERTION",
      "versionInfo": "1.2.13",
      "supplier": "NOASSERTION"
    },
    {
      "name": "libressl",
      "SPDXID": "SPDXRef-Package-D5FD70E310C87D91782DED54FFD5699E92C422F383AB3A9FDB1C4AEE1CDB49CA",
      "downloadLocation": "https://www.libressl.org/",
      "filesAnalyzed": false,
      "licenseConcluded": "NOASSERTION",
      "licenseInfoFromFiles": [
        "NOASSERTION"
      ],
      "licenseDeclared": "NOASSERTION",
      "copyrightText": "NOASSERTION",
      "versionInfo": "3.6.1.0",
      "supplier": "NOASSERTION"
    },
    {
      "name": "powershell_libressl",
      "SPDXID": "SPDXRef-Package-391233C5C3FAE5CC22B238FBC9B57B2B7DA5C372E9B964738414A16A65E1BD9E",
      "downloadLocation": "https://github.com/PowerShell/LibreSSL/releases/tag/V3.6.1.0.zip",
      "filesAnalyzed": false,
      "licenseConcluded": "NOASSERTION",
      "licenseInfoFromFiles": [
        "NOASSERTION"
      ],
      "licenseDeclared": "NOASSERTION",
      "copyrightText": "NOASSERTION",
      "versionInfo": "3.6.1.0",
      "supplier": "NOASSERTION"
    },
    {
      "name": "Microsoft.Telemetry.Inbox.Native",
      "SPDXID": "SPDXRef-Package-0E13AAD00D3394DF297FCA773EC1B0EDEF66F936E6C99311CBC4763108E2033B",
      "downloadLocation": "NOASSERTION",
      "filesAnalyzed": false,
      "licenseConcluded": "NOASSERTION",
      "licenseInfoFromFiles": [
        "NOASSERTION"
      ],
      "licenseDeclared": "NOASSERTION",
      "copyrightText": "NOASSERTION",
      "versionInfo": "10.0.18362.1-190318-1202.19h1-release.amd64fre",
      "externalRefs": [
        {
          "referenceCategory": "PACKAGE-MANAGER",
          "referenceType": "purl",
          "referenceLocator": "pkg:nuget/Microsoft.Telemetry.Inbox.Native@10.0.18362.1-190318-1202.19h1-release.amd64fre"
        }
      ],
      "supplier": "NOASSERTION"
    },
    {
      "name": "zlib",
      "SPDXID": "SPDXRef-Package-A9EB5C4218FA0D266FC5C664B8CAF9359754084A15E5398DE2212E4FC43EBF88",
      "downloadLocation": "http://zlib.net/",
      "filesAnalyzed": false,
      "licenseConcluded": "NOASSERTION",
      "licenseInfoFromFiles": [
        "NOASSERTION"
      ],
      "licenseDeclared": "NOASSERTION",
      "copyrightText": "NOASSERTION",
      "versionInfo": "1.2.13",
      "supplier": "NOASSERTION"
    },
    {
      "name": "OpenSSH",
      "SPDXID": "SPDXRef-RootPackage",
      "downloadLocation": "NOASSERTION",
      "packageVerificationCode": {
        "packageVerificationCodeValue": "4a7ea51cab2b45dd5eabbc5620cdca13c745a802"
      },
      "filesAnalyzed": true,
      "licenseConcluded": "NOASSERTION",
      "licenseInfoFromFiles": [
        "NOASSERTION"
      ],
      "licenseDeclared": "NOASSERTION",
      "copyrightText": "NOASSERTION",
      "versionInfo": "v9.2.0.0",
      "supplier": "Organization: Microsoft",
      "hasFiles": [
        "SPDXRef-File--sshd-config-default-825CDEC4CF05869C74B01E7A1C8BF3C5E2C45CD8",
        "SPDXRef-File--uninstall-sshd.ps1-7D2038B7472835A89D2ABE011040A48AA2913BB0",
        "SPDXRef-File--sshd.exe-F9532A79BEACE82B62D03565F6295F7F7F36E3CD",
        "SPDXRef-File--ssh-agent.exe-E4227BA282D124A85677853925AEBAECA5D4E7EA",
        "SPDXRef-File--ssh-keygen.exe-94F44C544991E1AB472B59F30CCE859F3A89A3FE",
        "SPDXRef-File--ssh-add.exe-004AC32AE50CEA5BBA08BD5E80BACF5DCE56BAAA",
        "SPDXRef-File--moduli-4C7A68477C9B679EB0208BE182C9E8C02FA8DE7D",
        "SPDXRef-File--openssh-events.man-39F0E1C5FDF3F456EEAF9F1A5696A7CA64617F86",
        "SPDXRef-File--NOTICE.txt-0C6BEDA8BE1A704C0C2615D4A481BACA0E56372D",
        "SPDXRef-File--ssh.exe-12AF4BCD8718C24D9882B288396A970C4E55F564",
        "SPDXRef-File--sftp.exe-B8314228058DEC261490939B7A8A90CF8D471EE4",
        "SPDXRef-File--LICENSE.txt-A7739A32F1926D71A9EB22D101287ECEA09A6AC5",
        "SPDXRef-File--ssh-sk-helper.exe-746AD124DA3518ABCCBFB5DF65CE383E24862561",
        "SPDXRef-File--sftp-server.exe-ADC5CEDBF95EE7B937047A19D46742FD66441955",
        "SPDXRef-File--libcrypto.dll-2F9A84D9305122384FBAABBDDFB3DDCE00B35D78",
        "SPDXRef-File--ssh-shellhost.exe-265438C31354CB2E89D60EC798B61C0A9B7D4170",
        "SPDXRef-File--scp.exe-FB578930C2CEB029801909B3C536FF3541095E25",
        "SPDXRef-File--install-sshd.ps1-506719B9643A6A1D37C56B3993B207537723219B",
        "SPDXRef-File--ssh-pkcs11-helper.exe-7AD1194CE35F3A0C8311418C63FBA8EFFB3C4106",
        "SPDXRef-File--OpenSSHUtils.psm1-AE6F2D669773BE3FF70CE627ED5727F9B94792C9",
        "SPDXRef-File--FixUserFilePermissions.ps1-5A8754C9BC29C12D2AB3BC524378C3490F50643B",
        "SPDXRef-File--ssh-keyscan.exe-AE2AEC62631EB7ECA3BD4344AA87BD8D1B6C9CB2",
        "SPDXRef-File--OpenSSHUtils.psd1-881BF624298FCC10897F91DFE79C96F8599C009C",
        "SPDXRef-File--FixHostFilePermissions.ps1-720B6EC99E4358563748714FE6851F76C22086C7"
      ]
    }
  ],
  "externalDocumentRefs": [
    {
      "externalDocumentId": "DocumentRef-LibreSSL-3.6.1-fc30d93d52889318fb210564efd5c1e0ca814e8d",
      "spdxDocument": "https://sbom.microsoft/1:2QSF7qZlbE-F7QrUJlEo7g:Ifmy0CRpKEe0S33n1Rdb-w/1750:315375/LibreSSL:3.6.1:fyKpihH87EucxF0be9QDzg",
      "checksum": {
        "algorithm": "SHA1",
        "checksumValue": "fc30d93d52889318fb210564efd5c1e0ca814e8d"
      }
    },
    {
      "externalDocumentId": "DocumentRef-ZLib-1.2.13-25599f97cedc67d207728f4a17d7964c1c334c17",
      "spdxDocument": "https://sbom.microsoft/1:2QSF7qZlbE-F7QrUJlEo7g:Ifmy0CRpKEe0S33n1Rdb-w/1748:309440/ZLib:1.2.13:f1B2BykuZEuu2dD2Z6ZtzA",
      "checksum": {
        "algorithm": "SHA1",
        "checksumValue": "25599f97cedc67d207728f4a17d7964c1c334c17"
      }
    },
    {
      "externalDocumentId": "DocumentRef-libfido2-1.9.0-78bca45f111323552f7a97354e8510eacf7d9dcf",
      "spdxDocument": "https://sbom.microsoft/1:2QSF7qZlbE-F7QrUJlEo7g:Ifmy0CRpKEe0S33n1Rdb-w/1853:317279/libfido2:1.9.0:alZekPBLNU6nPVQ1qrkSgg",
      "checksum": {
        "algorithm": "SHA1",
        "checksumValue": "78bca45f111323552f7a97354e8510eacf7d9dcf"
      }
    }
  ],
  "relationships": [
    {
      "relationshipType": "DESCRIBED_BY",
      "relatedSpdxElement": "SPDXRef-DOCUMENT",
      "spdxElementId": "SPDXRef-File--..-..-s-OSS-Microsoft-OpenSSH-Dev-contrib-win32-openssh-ZLib--manifest-spdx-2.2-manifest.spdx.json-25599F97CEDC67D207728F4A17D7964C1C334C17"
    },
    {
      "relationshipType": "DESCRIBED_BY",
      "relatedSpdxElement": "SPDXRef-DOCUMENT",
      "spdxElementId": "SPDXRef-File--..-..-s-OSS-Microsoft-OpenSSH-Dev-contrib-win32-openssh-libfido2--manifest-spdx-2.2-manifest.spdx.json-78BCA45F111323552F7A97354E8510EACF7D9DCF"
    },
    {
      "relationshipType": "DESCRIBED_BY",
      "relatedSpdxElement": "SPDXRef-DOCUMENT",
      "spdxElementId": "SPDXRef-File--..-..-s-OSS-Microsoft-OpenSSH-Dev-contrib-win32-openssh-LibreSSL--manifest-spdx-2.2-manifest.spdx.json-FC30D93D52889318FB210564EFD5C1E0CA814E8D"
    },
    {
      "relationshipType": "DESCRIBES",
      "relatedSpdxElement": "SPDXRef-RootPackage",
      "spdxElementId": "SPDXRef-DOCUMENT"
    },
    {
      "relationshipType": "DEPENDS_ON",
      "relatedSpdxElement": "SPDXRef-Package-391233C5C3FAE5CC22B238FBC9B57B2B7DA5C372E9B964738414A16A65E1BD9E",
      "spdxElementId": "SPDXRef-RootPackage"
    },
    {
      "relationshipType": "DEPENDS_ON",
      "relatedSpdxElement": "SPDXRef-Package-19B4BB6515DFF8C58B23AA8A19F56B1ED91ECE605C6E2AF619473C4E4273B86F",
      "spdxElementId": "SPDXRef-RootPackage"
    },
    {
      "relationshipType": "DEPENDS_ON",
      "relatedSpdxElement": "SPDXRef-Package-76D670A1E9846BAE49939A8C6D2D70CA17B9CF7617C5DD7857029331940F8C55",
      "spdxElementId": "SPDXRef-RootPackage"
    },
    {
      "relationshipType": "DEPENDS_ON",
      "relatedSpdxElement": "SPDXRef-Package-B9CBB6C45057D8D19744CABF9C5F727FC0323A84197BB23E19A02FB49DFE8065",
      "spdxElementId": "SPDXRef-RootPackage"
    },
    {
      "relationshipType": "DEPENDS_ON",
      "relatedSpdxElement": "SPDXRef-Package-A9EB5C4218FA0D266FC5C664B8CAF9359754084A15E5398DE2212E4FC43EBF88",
      "spdxElementId": "SPDXRef-RootPackage"
    },
    {
      "relationshipType": "DEPENDS_ON",
      "relatedSpdxElement": "SPDXRef-Package-0E13AAD00D3394DF297FCA773EC1B0EDEF66F936E6C99311CBC4763108E2033B",
      "spdxElementId": "SPDXRef-RootPackage"
    },
    {
      "relationshipType": "DEPENDS_ON",
      "relatedSpdxElement": "SPDXRef-Package-D5FD70E310C87D91782DED54FFD5699E92C422F383AB3A9FDB1C4AEE1CDB49CA",
      "spdxElementId": "SPDXRef-RootPackage"
    },
    {
      "relationshipType": "DEPENDS_ON",
      "relatedSpdxElement": "SPDXRef-Package-F06B2DB6AB4F96F220834AED5AAEA51928351C99A2A79544B1300000E3726439",
      "spdxElementId": "SPDXRef-RootPackage"
    },
    {
      "relationshipType": "DEPENDS_ON",
      "relatedSpdxElement": "SPDXRef-Package-0F0576A567AA5FD6212028071123D50BF536FF336B8E4ECF0695F7E0E8081331",
      "spdxElementId": "SPDXRef-RootPackage"
    },
    {
      "relationshipType": "PREREQUISITE_FOR",
      "relatedSpdxElement": "DocumentRef-libfido2-1.9.0-78bca45f111323552f7a97354e8510eacf7d9dcf:SPDXRef-RootPackage",
      "spdxElementId": "SPDXRef-RootPackage"
    },
    {
      "relationshipType": "PREREQUISITE_FOR",
      "relatedSpdxElement": "DocumentRef-ZLib-1.2.13-25599f97cedc67d207728f4a17d7964c1c334c17:SPDXRef-RootPackage",
      "spdxElementId": "SPDXRef-RootPackage"
    },
    {
      "relationshipType": "PREREQUISITE_FOR",
      "relatedSpdxElement": "DocumentRef-LibreSSL-3.6.1-fc30d93d52889318fb210564efd5c1e0ca814e8d:SPDXRef-RootPackage",
      "spdxElementId": "SPDXRef-RootPackage"
    }
  ],
  "spdxVersion": "SPDX-2.2",
  "dataLicense": "CC0-1.0",
  "SPDXID": "SPDXRef-DOCUMENT",
  "name": "OpenSSH v9.2.0.0",
  "documentNamespace": "https://sbom.microsoft/1:2QSF7qZlbE-F7QrUJlEo7g:Ifmy0CRpKEe0S33n1Rdb-w/1908:338017/OpenSSH:v9.2.0.0:lQTlG2kgLk-xPIs5fS18gw",
  "creationInfo": {
    "created": "2023-02-15T21:56:29Z",
    "creators": [
      "Organization: Microsoft",
      "Tool: Microsoft.SBOMTool-0.3.2"
    ]
  },
  "documentDescribes": [
    "SPDXRef-RootPackage"
  ]
}